Date,Open,High,Low,Close,Volume,Dividends,Stock Splits,SMA50,SMA200,Signal,Position,Daily Return,Strategy Return,Cumulative Market Return,Cumulative Strategy Return,MA20,MA50,MA7,MA30,Date_ordinal,Predicted
2024-07-29 00:00:00-04:00,224.89999389648438,234.27000427246094,224.6999969482422,232.10000610351562,129201800,0.0,0.0,,,0,,,,,,,,,,739096,261.18213155370904
2024-07-30 00:00:00-04:00,232.25,232.41000366210938,220.0,222.6199951171875,100560300,0.0,0.0,,,0,0.0,-0.04084450985365373,-0.0,0.9591554901463463,1.0,,,,,739097,261.4027295676351
2024-07-31 00:00:00-04:00,227.89999389648438,234.67999267578125,226.7899932861328,232.07000732421875,67497000,0.0,0.0,,,0,0.0,0.04244907202543402,0.0,0.999870750631159,1.0,,,,,739098,261.62332758156117
2024-08-01 00:00:00-04:00,227.69000244140625,231.8699951171875,214.3300018310547,216.86000061035156,83861900,0.0,0.0,,,0,0.0,-0.06554059651757449,-0.0,0.9343386251943179,1.0,,,,,739099,261.84392559548724
2024-08-02 00:00:00-04:00,214.8800048828125,216.1300048828125,205.77999877929688,207.6699981689453,82880100,0.0,0.0,,,0,0.0,-0.042377581921705376,-0.0,0.8947436135625321,1.0,,,,,739100,262.0645236094133
2024-08-05 00:00:00-04:00,185.22000122070312,203.8800048828125,182.0,198.8800048828125,100308800,0.0,0.0,,,0,0.0,-0.04232673647438423,-0.0,0.8568720364191325,1.0,,,,,739103,262.7263176511915
2024-08-06 00:00:00-04:00,200.75,202.89999389648438,192.6699981689453,200.63999938964844,73783900,0.0,0.0,,,0,0.0,0.008849529684359148,0.0,0.8644549509411208,1.0,,,215.83428737095423,,739104,262.94691566511756
2024-08-07 00:00:00-04:00,200.77000427246094,203.49000549316406,191.47999572753906,191.75999450683594,71159800,0.0,0.0,,,0,0.0,-0.044258397676563366,-0.0,0.8261955599488946,1.0,,,210.07142857142858,,739105,263.1675136790436
2024-08-08 00:00:00-04:00,195.6999969482422,200.6999969482422,192.0399932861328,198.83999633789062,65033900,0.0,0.0,,,0,0.0,0.036921162045623124,0.0,0.8566996600991421,1.0,,,206.67428588867188,,739106,263.3881116929697
2024-08-09 00:00:00-04:00,197.0500030517578,200.8800048828125,195.11000061035156,200.0,58648300,0.0,0.0,,,0,0.0,0.005833854775063374,0.0,0.8616975215020066,1.0,,,202.09285627092635,,739107,263.60870970689575
2024-08-12 00:00:00-04:00,199.02000427246094,199.25999450683594,194.6699981689453,197.49000549316406,64044900,0.0,0.0,,,0,0.0,-0.012549972534179665,-0.0,0.8508832412743857,1.0,,,199.32571411132812,,739110,264.27050374867395
2024-08-13 00:00:00-04:00,198.47000122070312,208.49000549316406,197.05999755859375,207.8300018310547,76247400,0.0,0.0,,,0,0.0,0.05235706137163754,0.0,0.8954329873578867,1.0,,,199.34857177734375,,739111,264.4911017626
2024-08-14 00:00:00-04:00,207.38999938964844,208.44000244140625,198.75,201.3800048828125,70250000,0.0,0.0,,,0,0.0,-0.0310349655555765,-0.0,0.8676432554379077,1.0,,,199.7057146344866,,739112,264.71169977649697
2024-08-15 00:00:00-04:00,205.02000427246094,215.8800048828125,204.82000732421875,214.13999938964844,89848500,0.0,0.0,,,0,0.0,0.06336276788880446,0.0,0.9226195336425065,1.0,,,201.63428606305803,,739113,264.93229779042304
2024-08-16 00:00:00-04:00,211.14999389648438,219.8000030517578,210.8000030517578,216.1199951171875,88765100,0.0,0.0,,,0,0.0,0.009246267550119258,0.0,0.9311503206975313,1.0,,,205.1142861502511,,739114,265.1528958043491
2024-08-19 00:00:00-04:00,217.07000732421875,222.97999572753906,214.08999633789062,222.72000122070312,76435200,0.0,0.0,,,0,0.0,0.030538618603692225,0.0,0.959586365204019,1.0,,,208.52571541922433,,739117,265.8146898461273
2024-08-20 00:00:00-04:00,224.8800048828125,228.22000122070312,219.55999755859375,221.10000610351562,74001200,0.0,0.0,,,0,0.0,-0.007273684933137958,-0.0,0.9526066363173898,1.0,,,211.54000200544084,,739118,266.03528786005336
2024-08-21 00:00:00-04:00,222.6699981689453,224.66000366210938,218.86000061035156,223.27000427246094,70146000,0.0,0.0,,,0,0.0,0.009814554993405888,0.0,0.9619560465366103,1.0,,,215.22285897391183,,739119,266.2558858739794
2024-08-22 00:00:00-04:00,223.82000732421875,224.8000030517578,210.32000732421875,210.66000366210938,79514500,0.0,0.0,,,0,0.0,-0.056478704568676985,-0.0,0.9076260151762165,1.0,,,215.62714494977678,,739120,266.4764838879055
2024-08-23 00:00:00-04:00,214.4600067138672,221.47999572753906,214.2100067138672,220.32000732421875,81525200,0.0,0.0,,,0,0.0,0.04585589810206048,0.0,0.9492460212429163,1.0,211.82350158691406,,218.3328595842634,,739121,266.69708190183155
2024-08-26 00:00:00-04:00,218.75,219.08999633789062,211.00999450683594,213.2100067138672,59301200,0.0,0.0,,,0,0.0,-0.0322712435275504,-0.0,0.9186126717238279,1.0,210.87900161743164,,218.20000348772322,,739124,267.35887594360975
2024-08-27 00:00:00-04:00,213.25,215.66000366210938,206.94000244140625,209.2100067138672,62821400,0.0,0.0,,,0,0.0,-0.018760845523390857,-0.0,0.9013787212937878,1.0,210.20850219726563,,217.2128622872489,,739125,267.5794739575358
2024-08-28 00:00:00-04:00,209.72000122070312,211.83999633789062,202.58999633789062,205.75,64116400,0.0,0.0,,,0,0.0,-0.01653843794670573,-0.0,0.8864713252451896,1.0,208.8925018310547,,214.78857639857702,,739126,267.8000719714619
2024-08-29 00:00:00-04:00,209.8000030517578,214.88999938964844,205.97000122070312,206.27999877929688,62308800,0.0,0.0,,,0,0.0,0.002575935743848623,0.0,0.8887548184177855,1.0,208.36350173950194,,212.6714324951172,,739127,268.02066998538794
2024-08-30 00:00:00-04:00,208.6300048828125,214.57000732421875,207.02999877929688,214.11000061035156,63370600,0.0,0.0,,,0,0.0,0.03795812428442069,0.0,0.9224902842736655,1.0,208.68550186157228,,211.36286054338728,,739128,268.241267999314
2024-09-03 00:00:00-04:00,215.25999450683594,219.89999389648438,209.63999938964844,210.60000610351562,76714200,0.0,0.0,,,0,0.0,-0.016393416920415627,-0.0,0.9073675164385346,1.0,209.27150192260743,,211.35428946358817,,739132,269.12366005501826
2024-09-04 00:00:00-04:00,210.58999633789062,222.22000122070312,210.57000732421875,219.41000366210938,80651800,0.0,0.0,,,0,0.0,0.04183284569452206,0.0,0.9453252817419295,1.0,210.21000213623046,,211.2242889404297,,739133,269.3442580689443
2024-09-05 00:00:00-04:00,223.49000549316406,235.0,222.25,230.1699981689453,119355000,0.0,0.0,,,0,0.0,0.04904058305110959,0.0,0.9916845847315082,1.0,212.13050231933593,,213.6471448625837,,739134,269.5648560828704
2024-09-06 00:00:00-04:00,232.60000610351562,233.60000610351562,210.50999450683594,210.72999572753906,112177000,0.0,0.0,,,0,0.0,-0.0844593239607937,-0.0,0.9079275751227446,1.0,212.72500228881836,,213.8642861502511,,739135,269.78545409679646
2024-09-09 00:00:00-04:00,216.1999969482422,219.8699951171875,213.6699981689453,216.27000427246094,67443500,0.0,0.0,,,0,0.0,0.026289605928169646,0.0,0.9317966332840402,1.0,213.53850250244142,,215.36714390345983,212.4070017496745,739138,270.44724813857465
2024-09-10 00:00:00-04:00,220.07000732421875,226.39999389648438,218.63999938964844,226.1699981689453,78891100,0.0,0.0,,,0,0.0,0.04577608406578748,0.0,0.9744506343014682,1.0,214.97250213623047,,218.2085723876953,212.20933481852214,739139,270.6678461524716
2024-09-11 00:00:00-04:00,224.5500030517578,228.47000122070312,216.8000030517578,228.1300048828125,83548600,0.0,0.0,,,0,0.0,0.008666077418469476,0.0,0.9828952989388013,1.0,215.98750228881835,,220.211430140904,212.39300181070965,739140,270.8884441663977
2024-09-12 00:00:00-04:00,224.66000366210938,231.4499969482422,223.8300018310547,229.80999755859375,71894900,0.0,0.0,,,0,0.0,0.007364189890953776,0.0,0.9901335265631125,1.0,217.40900192260742,,222.9557146344866,212.31766815185546,739141,271.10904218032374
2024-09-13 00:00:00-04:00,228.0,232.6699981689453,226.32000732421875,230.2899932861328,59515100,0.0,0.0,,,0,0.0,0.0020886633855721204,0.0,0.9922015822068723,1.0,218.21650161743165,,224.50999886648995,212.7653345743815,739142,271.3296401942498
2024-09-16 00:00:00-04:00,229.3000030517578,229.9600067138672,223.52999877929688,226.77999877929688,54323000,0.0,0.0,,,0,0.0,-0.015241628421408637,-0.0,0.9770788143717414,1.0,218.7495018005371,,224.02571323939733,213.40233459472657,739145,271.991434236028
2024-09-17 00:00:00-04:00,229.4499969482422,234.57000732421875,226.5500030517578,227.8699951171875,66761600,0.0,0.0,,,0,0.0,0.004806404196833203,0.0,0.9817750500857745,1.0,219.00700149536132,,226.47428458077567,214.36866760253906,739146,272.21203224995406
2024-09-18 00:00:00-04:00,230.08999633789062,235.67999267578125,226.8800048828125,227.1999969482422,78010200,0.0,0.0,,,0,0.0,-0.0029402649901351108,-0.0,0.9788883712778191,1.0,219.31200103759767,,228.03571210588728,215.25400085449218,739147,272.4326302638801
2024-09-19 00:00:00-04:00,234.0,244.24000549316406,232.1300048828125,243.9199981689453,102694600,0.0,0.0,,,0,0.0,0.07359155565707187,0.0,1.0509262893347713,1.0,220.34450073242186,,230.57142639160156,216.99266764322917,739148,272.6532282778062
2024-09-20 00:00:00-04:00,241.52000427246094,243.99000549316406,235.9199981689453,238.25,99879100,0.0,0.0,,,0,0.0,-0.02324531900421767,-0.0,1.0264971724892658,1.0,221.7240005493164,,232.0171399797712,218.30633443196615,739149,272.87382629173226
2024-09-23 00:00:00-04:00,242.61000061035156,250.0,241.9199981689453,250.0,86927200,0.0,0.0,,,0,0.0,0.04931794333683115,0.0,1.0771219018775087,1.0,223.20800018310547,,234.90142604282923,219.9730010986328,739152,273.53562033351045
2024-09-24 00:00:00-04:00,254.0800018310547,257.19000244140625,249.0500030517578,254.27000427246094,88491000,0.0,0.0,,,0,0.0,0.017080017089843746,0.0,1.0955191623694216,1.0,225.26100006103516,,238.32714189801897,221.86566772460938,739153,273.7562183474365
2024-09-25 00:00:00-04:00,252.5399932861328,257.04998779296875,252.27999877929688,257.0199890136719,65034300,0.0,0.0,,,0,0.0,0.010815214909361437,0.0,1.1073674375477705,1.0,227.6514991760254,,242.6471405029297,223.50533396402994,739154,273.9768163613626
2024-09-26 00:00:00-04:00,260.6000061035156,261.75,251.52999877929688,254.22000122070312,67142200,0.0,0.0,,,0,0.0,-0.01089404681602335,-0.0,1.0953037248405852,1.0,230.07499923706055,,246.4114270891462,225.26666717529298,739155,274.19741437528864
2024-09-27 00:00:00-04:00,257.3800048828125,260.70001220703125,254.1199951171875,260.4599914550781,70988100,0.0,0.0,,,0,0.0,0.024545630573566513,0.0,1.1221886454363736,1.0,232.78399887084962,,251.16285487583704,226.8106669108073,739156,274.4180123892147
2024-09-30 00:00:00-04:00,259.0400085449219,264.8599853515625,255.77000427246094,261.6300048828125,80705700,0.0,0.0,,,0,0.0,0.004492104223754234,0.0,1.1272296337903873,1.0,235.15999908447264,,253.69285583496094,228.32766723632812,739159,275.0798064309929
2024-10-01 00:00:00-04:00,262.6700134277344,263.9800109863281,248.52999877929688,258.0199890136719,87397600,0.0,0.0,,,0,0.0,-0.013798172234708361,-0.0,1.1116759251552804,1.0,237.53099822998047,,256.51713997977123,229.50433349609375,739160,275.30040444491897
2024-10-02 00:00:00-04:00,247.5500030517578,251.16000366210938,241.5,249.02000427246094,93983900,0.0,0.0,,,0,0.0,-0.03488095932262847,-0.0,1.0728996024299937,1.0,239.01149826049806,,256.3771405901228,230.43500010172525,739161,275.52100245884503
2024-10-03 00:00:00-04:00,244.47999572753906,249.7899932861328,237.80999755859375,240.66000366210938,80729200,0.0,0.0,,,0,0.0,-0.03357160254966751,-0.0,1.0368806434015176,1.0,239.53599853515624,,254.43285478864397,231.01466674804686,739162,275.7416004727711
2024-10-04 00:00:00-04:00,246.69000244140625,250.9600067138672,244.5800018310547,250.0800018310547,86573200,0.0,0.0,,,0,0.0,0.03914235030998814,0.0,1.0774665887751858,1.0,241.50349884033204,,253.4414280482701,232.32866668701172,739163,275.96219848669716
2024-10-07 00:00:00-04:00,249.0,249.8300018310547,240.6999969482422,240.8300018310547,68113300,0.0,0.0,224.53680053710937,,0,0.0,-0.03698816351676526,-0.0,1.0376130784057178,1.0,242.73149871826172,224.53680053710937,251.52857099260603,233.01233317057293,739166,276.62399252844625
2024-10-08 00:00:00-04:00,243.55999755859375,246.2100067138672,240.55999755859375,244.5,56303200,0.0,0.0,224.78480041503906,,0,0.0,0.015238957526229946,0.0,1.0534252200362033,1.0,243.64799880981445,224.78480041503906,249.24857221330916,234.05533294677736,739167,276.8445905423723
2024-10-09 00:00:00-04:00,243.82000732421875,247.42999267578125,239.50999450683594,241.0500030517578,66289500,0.0,0.0,225.15340057373047,,0,0.0,-0.014110416966225725,-0.0,1.0385609509387543,1.0,244.29399871826172,225.15340057373047,246.3085719517299,235.11666615804037,739168,277.0651885562984
2024-10-10 00:00:00-04:00,241.80999755859375,242.7899932861328,232.33999633789062,238.77000427246094,83087100,0.0,0.0,225.2874005126953,,0,0.0,-0.009458613360014412,-0.0,1.0287376044530157,1.0,244.74199905395508,225.2874005126953,243.55857413155692,236.2173329671224,739169,277.28578657022445
2024-10-11 00:00:00-04:00,220.1300048828125,223.33999633789062,214.3800048828125,217.8000030517578,142628900,0.0,0.0,225.30620056152344,,0,0.0,-0.08782510719719305,-0.0,0.938388614064146,1.0,244.11749954223632,225.30620056152344,239.09857395717077,236.60133310953776,739170,277.5063845841505
2024-10-14 00:00:00-04:00,220.1300048828125,221.91000366210938,213.74000549316406,219.16000366210938,86291900,0.0,0.0,225.53600067138672,,0,0.0,0.00624426350457119,0.0,0.9442481598400518,1.0,243.73649978637695,225.53600067138672,236.0271453857422,236.76966654459636,739173,278.1681786259287
2024-10-15 00:00:00-04:00,220.00999450683594,224.25999450683594,217.1199951171875,219.57000732421875,62988800,0.0,0.0,225.94980072021485,,0,0.0,0.0018707960177875016,0.0,0.9460146555372838,1.0,243.3215003967285,225.94980072021485,231.6685747419085,237.06866658528645,739174,278.38877663985477
2024-10-16 00:00:00-04:00,221.39999389648438,222.82000732421875,218.92999267578125,221.3300018310547,49632800,0.0,0.0,226.36360076904296,,0,0.0,0.008015641700267029,0.0,0.9535975700592723,1.0,243.02800064086915,226.36360076904296,228.8828604561942,237.1326665242513,739175,278.60937465378083
2024-10-17 00:00:00-04:00,221.58999633789062,222.0800018310547,217.89999389648438,220.88999938964844,50791800,0.0,0.0,226.94620086669923,,0,0.0,-0.001987992760882462,-0.0,0.9517018249931993,1.0,241.8765007019043,226.94620086669923,225.51000322614397,236.82333323160807,739176,278.8299726677069
2024-10-18 00:00:00-04:00,220.7100067138672,222.27999877929688,219.22999572753906,220.6999969482422,49611900,0.0,0.0,227.38340087890626,,0,0.0,-0.0008601676940163117,-0.0,0.9508832018290038,1.0,240.9990005493164,227.38340087890626,222.6028594970703,237.15566660563152,739177,279.05057068163296
2024-10-21 00:00:00-04:00,218.89999389648438,220.47999572753906,215.72999572753906,218.85000610351562,47329000,0.0,0.0,227.76040100097657,,0,0.0,-0.008382378207102636,-0.0,0.9429125392004923,1.0,239.44150085449218,227.76040100097657,219.75714547293526,237.24166666666667,739180,279.71236472341116
2024-10-22 00:00:00-04:00,217.30999755859375,218.22000122070312,215.25999450683594,217.97000122070312,43268700,0.0,0.0,228.17000091552734,,0,0.0,-0.004021041161846095,-0.0,0.9391210490683464,1.0,237.6265007019043,228.17000091552734,219.78143092564173,236.96833343505858,739181,279.9329627373372
2024-10-23 00:00:00-04:00,217.1300048828125,218.72000122070312,212.11000061035156,213.64999389648438,80938900,0.0,0.0,228.28640075683595,,0,0.0,-0.019819274670942355,-0.0,0.9205083510475973,1.0,235.45800094604493,228.28640075683595,218.9942866734096,236.48566640218098,739182,280.1535607512633
2024-10-24 00:00:00-04:00,244.67999267578125,262.1199951171875,242.64999389648438,260.4800109863281,204491900,0.0,0.0,229.46840087890624,,0,0.0,0.21919035070290427,0.0,1.1222748993386722,1.0,235.77100143432617,229.46840087890624,224.8385729108538,237.50800018310548,739183,280.37415876518935
2024-10-25 00:00:00-04:00,256.010009765625,269.489990234375,255.32000732421875,269.19000244140625,161611900,0.0,0.0,230.5694009399414,,0,0.0,0.03343823359841336,0.0,1.1598017895843946,1.0,236.20750198364257,230.5694009399414,231.67571585518974,238.8046671549479,739184,280.5947567791154
2024-10-28 00:00:00-04:00,270.0,273.5400085449219,262.239990234375,262.510009765625,107653600,0.0,0.0,231.49720123291016,,0,0.0,-0.024815158866218545,-0.0,1.1310211239225334,1.0,236.2515022277832,231.49720123291016,237.6214316231864,239.99566752115885,739187,281.2565508208936
2024-10-29 00:00:00-04:00,264.510009765625,264.9800109863281,255.50999450683594,259.5199890136719,80521800,0.0,0.0,232.23320098876954,,0,0.0,-0.01139012091242797,-0.0,1.1181386565665457,1.0,236.3265022277832,232.23320098876954,243.16714477539062,241.05066731770833,739188,281.4771488348197
2024-10-30 00:00:00-04:00,258.0400085449219,263.3500061035156,255.82000732421875,257.54998779296875,53993600,0.0,0.0,232.96220062255858,,0,0.0,-0.007590942139718337,-0.0,1.1096509307203666,1.0,236.75300140380858,232.96220062255858,248.69571358816964,242.0623336791992,739189,281.69774684874574
2024-10-31 00:00:00-04:00,257.989990234375,259.75,249.25,249.85000610351562,66575300,0.0,0.0,233.4938006591797,,0,0.0,-0.029897037679701755,-0.0,1.0764756550333037,1.0,237.2125015258789,233.4938006591797,253.25,242.26000061035157,739190,281.9183448626718
2024-11-01 00:00:00-04:00,252.0399932861328,254.0,246.6300048828125,248.97999572753906,57544800,0.0,0.0,234.26020050048828,,0,0.0,-0.003482130697311625,-0.0,1.0727272261100036,1.0,237.15750122070312,234.26020050048828,258.2971431187221,242.61766713460287,739191,282.13894287659787
2024-11-04 00:00:00-05:00,244.55999755859375,248.89999389648438,238.8800048828125,242.83999633789062,68802400,0.0,0.0,234.71060028076172,,0,0.0,-0.024660613282231236,-0.0,1.046273114829584,1.0,237.25800094604492,234.71060028076172,255.77714102608817,242.37900034586588,739194,282.80073691834696
2024-11-05 00:00:00-05:00,247.33999633789062,255.27999877929688,246.2100067138672,251.44000244140625,69282500,0.0,0.0,235.4752001953125,,0,0.0,0.03541429020427711,0.0,1.0833261345510918,1.0,237.60500106811523,235.4752001953125,253.2414267403739,242.2846669514974,739195,283.021334932273
2024-11-06 00:00:00-05:00,284.6700134277344,289.5899963378906,275.6199951171875,288.5299987792969,165228700,0.0,0.0,237.0616000366211,,0,0.0,0.14751032444224466,0.0,1.2431279241354862,1.0,239.9790008544922,237.0616000366211,256.95856802804127,243.33500061035156,739196,283.2419329461991
2024-11-07 00:00:00-05:00,288.8900146484375,299.75,285.5199890136719,296.9100036621094,117309200,0.0,0.0,238.88480010986328,,0,0.0,0.02904379065700735,0.0,1.2792330713239575,1.0,242.8860008239746,238.88480010986328,262.29999869210377,244.75800069173178,739197,283.46253096012515
2024-11-08 00:00:00-05:00,299.1400146484375,328.7099914550781,297.6600036621094,321.2200012207031,204782800,0.0,0.0,241.1836001586914,,0,0.0,0.08187665372925301,0.0,1.3839723945437579,1.0,248.05700073242187,241.1836001586914,271.39571489606584,246.78333435058593,739198,283.6831289740512
2024-11-11 00:00:00-05:00,346.29998779296875,358.6400146484375,336.0,350.0,210521600,0.0,0.0,243.90140014648438,,0,0.0,0.08959591143118995,0.0,1.5079706626285123,1.0,254.5990005493164,243.90140014648438,285.7028568812779,249.7290008544922,739201,284.3449230158294
2024-11-12 00:00:00-05:00,342.739990234375,345.8399963378906,323.30999755859375,328.489990234375,155726000,0.0,0.0,246.25919982910156,,0,0.0,-0.06145717075892854,-0.0,1.4152950521158971,1.0,260.04499969482424,246.25919982910156,297.0614275251116,252.0780008951823,739202,284.5655210297555
2024-11-13 00:00:00-05:00,335.8500061035156,344.6000061035156,322.5,330.239990234375,125405600,0.0,0.0,248.47579956054688,,0,0.0,0.005327407385385952,0.0,1.4228349054290395,1.0,265.49049911499026,248.47579956054688,309.5471409388951,254.78533376057942,739203,284.78611904368154
2024-11-14 00:00:00-05:00,327.69000244140625,329.9800109863281,310.3699951171875,311.17999267578125,120726100,0.0,0.0,250.0959994506836,,0,0.0,-0.05771559508909463,-0.0,1.3407151421486667,1.0,270.0049987792969,250.0959994506836,318.08142525809154,257.13600006103513,739204,285.0067170576076
2024-11-15 00:00:00-05:00,310.57000732421875,324.67999267578125,309.2200012207031,320.7200012207031,114440300,0.0,0.0,252.29579956054687,,0,0.0,0.030657525449785616,0.0,1.3818181507400025,1.0,275.0059989929199,252.29579956054687,322.6799970354353,259.49066670735675,739205,285.22731507153367
2024-11-18 00:00:00-05:00,340.7300109863281,348.54998779296875,330.010009765625,338.739990234375,126085600,0.0,0.0,254.74519927978517,,0,0.0,0.056186046847983784,0.0,1.4594570500928745,1.0,281.00049819946287,254.74519927978517,328.6557094029018,262.7543329874674,739208,285.88910911331186
2024-11-19 00:00:00-05:00,335.760009765625,347.3800048828125,332.75,346.0,88852500,0.0,0.0,257.14179931640626,,0,0.0,0.021432396454288627,0.0,1.4907367121984716,1.0,287.40199813842776,257.14179931640626,332.1957092285156,266.1376663208008,739209,286.1097071272379
2024-11-20 00:00:00-05:00,345.0,346.6000061035156,334.29998779296875,342.0299987792969,66340700,0.0,0.0,259.41979919433595,,0,0.0,-0.011473991967350106,-0.0,1.4736320111372725,1.0,293.82099838256835,259.41979919433595,331.057137625558,269.5036661783854,739210,286.330305141164
2024-11-21 00:00:00-05:00,343.80999755859375,347.989990234375,335.2799987792969,339.6400146484375,58011700,0.0,0.0,261.6163995361328,,0,0.0,-0.006987644766217049,-0.0,1.4633347941273191,1.0,297.7789985656738,261.6163995361328,332.6499982561384,272.86599985758465,739211,286.55090315509005
2024-11-22 00:00:00-05:00,341.0899963378906,361.5299987792969,337.70001220703125,352.55999755859375,89140700,0.0,0.0,264.06179962158205,,0,0.0,0.038040225983177356,0.0,1.5190003803849688,1.0,301.9474983215332,264.06179962158205,335.8385707310268,277.3579996744792,739212,286.7715011690161
2024-11-25 00:00:00-05:00,360.1400146484375,361.92999267578125,338.20001220703125,338.5899963378906,95890900,0.0,0.0,266.2979995727539,,0,0.0,-0.039624464821427674,-0.0,1.4588108032486693,1.0,305.75149765014646,266.2979995727539,339.75428553989957,281.33899943033856,739215,287.4332952107943
2024-11-26 00:00:00-05:00,341.0,346.9599914550781,335.6600036621094,338.2300109863281,62295900,0.0,0.0,268.50519989013674,,0,0.0,-0.001063189566898104,-0.0,1.4572598108225772,1.0,309.6869987487793,268.50519989013674,342.2557155064174,285.29433288574216,739216,287.6538932247204
2024-11-27 00:00:00-05:00,341.79998779296875,342.54998779296875,326.5899963378906,332.8900146484375,57896400,0.0,0.0,270.61900024414064,,0,0.0,-0.015788061864523528,-0.0,1.4342525027766264,1.0,313.45400009155276,270.61900024414064,341.42000470842635,289.0129999796549,739217,287.87449123864644
2024-11-29 00:00:00-05:00,336.0799865722656,345.45001220703125,334.6499938964844,345.1600036621094,37167600,0.0,0.0,272.64380035400393,,0,0.0,0.03685898787510977,0.0,1.4871175983863159,1.0,318.2194999694824,272.64380035400393,341.3000052315848,293.15533345540365,739219,288.31568726649857
2024-12-02 00:00:00-05:00,352.3800048828125,360.0,351.1499938964844,357.0899963378906,77986500,0.0,0.0,275.0206002807617,,0,0.0,0.034563659025395044,0.0,1.538517823987605,1.0,323.625,275.0206002807617,343.45143345424106,297.70166676839193,739222,288.97748130824766
2024-12-03 00:00:00-05:00,351.79998779296875,355.69000244140625,348.20001220703125,351.4200134277344,58267200,0.0,0.0,277.0490005493164,,0,0.0,-0.01587830229999254,-0.0,1.514088772884403,1.0,329.0540008544922,277.0490005493164,345.13429042271207,302.1206670125326,739223,289.1980793221737
2024-12-04 00:00:00-05:00,353.0,358.1000061035156,348.6000061035156,357.92999267578125,50810900,0.0,0.0,279.1222003173828,,0,0.0,0.018524782309774723,0.0,1.5421369377997605,1.0,334.3785003662109,279.1222003173828,345.9014325823103,306.78600006103517,739224,289.4186773360998
2024-12-05 00:00:00-05:00,359.8699951171875,375.42999267578125,359.5,369.489990234375,81403600,0.0,0.0,281.37160034179686,,0,0.0,0.03229681165351517,0.0,1.591943044023808,1.0,338.42649993896487,281.37160034179686,350.3157174246652,311.9806666056315,739225,289.63927535002586
2024-12-06 00:00:00-05:00,377.4200134277344,389.489990234375,370.79998779296875,389.2200012207031,81455800,0.0,0.0,284.07160034179685,,0,0.0,0.053397958017247005,0.0,1.6769495518544397,1.0,343.04199981689453,284.07160034179685,357.6000017438616,316.271999613444,739226,289.8598733639519
2024-12-09 00:00:00-05:00,397.6099853515625,404.79998779296875,378.010009765625,389.7900085449219,96359200,0.0,0.0,286.65820068359375,,0,0.0,0.0014644862094215227,0.0,1.6794054213470262,1.0,346.47050018310546,286.65820068359375,365.7285723005022,320.29199981689453,739229,290.5216674057301
2024-12-10 00:00:00-05:00,392.67999267578125,409.7300109863281,390.8500061035156,400.989990234375,97563600,0.0,0.0,289.445400390625,,0,0.0,0.02873337295448497,0.0,1.7276604036603742,1.0,349.0199996948242,289.445400390625,373.70428466796875,324.90799916585286,739230,290.7422654196562
2024-12-11 00:00:00-05:00,409.70001220703125,424.8800048828125,402.3800048828125,424.7699890136719,104287600,0.0,0.0,292.780400390625,,0,0.0,0.05930322291934931,0.0,1.8301162337075785,1.0,353.83399963378906,292.780400390625,383.3728550502232,330.4163324991862,739231,290.96286343358224
2024-12-12 00:00:00-05:00,424.8399963378906,429.29998779296875,415.0,418.1000061035156,87752200,0.0,0.0,296.1620004272461,,0,0.0,-0.015702575706076027,-0.0,1.8013786949968664,1.0,358.2270004272461,296.1620004272461,392.8985682896205,335.7679997762044,739232,291.1834614475083
2024-12-13 00:00:00-05:00,420.0,436.29998779296875,415.7099914550781,436.2300109863281,89000200,0.0,0.0,300.07340057373045,,0,0.0,0.04336284290396253,0.0,1.8794915963585606,1.0,364.47950134277346,300.07340057373045,404.0842851911272,341.9806666056315,739233,291.4040594614344
2024-12-16 00:00:00-05:00,441.0899963378906,463.19000244140625,436.1499938964844,463.0199890136719,114083800,0.0,0.0,304.3322003173828,,0,0.0,0.06141250567967771,0.0,1.9949158846948372,1.0,371.59450073242186,304.3322003173828,417.44571358816967,349.1153330485026,739236,292.06585350321257
2024-12-17 00:00:00-05:00,475.8999938964844,483.989990234375,457.510009765625,479.8599853515625,131223000,0.0,0.0,309.112799987793,,0,0.0,0.036369912179738284,0.0,2.067470800227153,1.0,378.65050048828124,309.112799987793,430.39428274972096,357.01599934895836,739237,292.28645151713863
2024-12-18 00:00:00-05:00,466.5,488.5400085449219,427.010009765625,440.1300048828125,149340800,0.0,0.0,313.02540008544923,,0,0.0,-0.0827949436951747,-0.0,1.8962946717309281,1.0,383.35700073242185,313.02540008544923,437.58571079799106,363.3056660970052,739238,292.5070495310647
2024-12-19 00:00:00-05:00,451.8800048828125,456.3599853515625,420.0199890136719,436.1700134277344,118566100,0.0,0.0,316.92780029296875,,0,0.0,-0.008997322180141931,-0.0,1.8792330976208784,1.0,388.0640014648437,316.92780029296875,442.6114283970424,368.2269999186198,739239,292.72764754499076
2024-12-20 00:00:00-05:00,425.510009765625,447.0799865722656,417.6400146484375,421.05999755859375,132216200,0.0,0.0,320.5736001586914,,0,0.0,-0.034642491239586515,-0.0,1.814131781499406,1.0,392.13500061035154,320.5736001586914,442.0814296177455,372.3653330485026,739240,292.9482455589168
2024-12-23 00:00:00-05:00,431.0,434.510009765625,415.4100036621094,430.6000061035156,72698100,0.0,0.0,324.82960021972656,,0,0.0,0.022657123925894362,0.0,1.8552347900907415,1.0,396.03700103759763,324.82960021972656,443.8671439034598,376.01133321126304,739243,293.610039600695
2024-12-24 00:00:00-05:00,435.8999938964844,462.7799987792969,435.1400146484375,462.2799987792969,59551800,0.0,0.0,329.69200012207034,,0,0.0,0.07357174228224572,0.0,1.991727645940354,1.0,402.221501159668,329.69200012207034,447.5885707310268,379.7539998372396,739244,293.8306376146211
2024-12-26 00:00:00-05:00,465.1600036621094,465.3299865722656,451.0199890136719,454.1300048828125,76366400,0.0,0.0,334.38320007324216,,0,0.0,-0.017629994630971146,-0.0,1.9566134982360686,1.0,408.01650085449216,334.38320007324216,446.3185729980469,383.94200032552084,739246,294.2718336424732
2024-12-27 00:00:00-05:00,449.5199890136719,450.0,426.5,431.6600036621094,82666800,0.0,0.0,338.5898001098633,,0,0.0,-0.04947922616674816,-0.0,1.8598017764359338,1.0,412.95500030517576,338.5898001098633,439.432861328125,387.3226674397786,739247,294.4924316563702
2024-12-30 00:00:00-05:00,419.3999938964844,427.0,415.75,417.4100036621094,64941000,0.0,0.0,342.5202001953125,,0,0.0,-0.03301209257078741,-0.0,1.798405828028916,1.0,416.56750030517577,342.5202001953125,436.18714686802457,390.86366780598956,739250,295.15422569814837
2024-12-31 00:00:00-05:00,423.7900085449219,427.92999267578125,402.5400085449219,403.8399963378906,76825100,0.0,0.0,346.1830001831055,,0,0.0,-0.03251001941775111,-0.0,1.7399396196386991,1.0,418.9050003051758,346.1830001831055,431.5685729980469,393.63433430989585,739251,295.37482371207443
2025-01-02 00:00:00-05:00,390.1000061035156,392.7300109863281,373.0400085449219,379.2799987792969,109710700,0.0,0.0,349.39160003662107,,0,0.0,-0.06081615932376483,-0.0,1.6341231745170213,1.0,420.2979995727539,349.39160003662107,425.6000017438616,394.9856679280599,739253,295.81601973992656
2025-01-03 00:00:00-05:00,381.4800109863281,411.8800048828125,379.45001220703125,410.44000244140625,95423300,0.0,0.0,353.24100006103515,,0,0.0,0.08215567328200035,0.0,1.7683756641451869,1.0,422.92350006103516,353.24100006103515,422.7200012207031,397.1336680094401,739254,296.0366177538526
2025-01-06 00:00:00-05:00,423.20001220703125,426.42999267578125,401.70001220703125,411.04998779296875,85516500,0.0,0.0,357.18899993896486,,0,0.0,0.0014861742226248698,0.0,1.7710037784731565,1.0,425.00149993896486,357.18899993896486,415.40142822265625,399.43433430989586,739257,296.6984117956308
2025-01-07 00:00:00-05:00,405.8299865722656,414.3299865722656,390.0,394.3599853515625,75699500,0.0,0.0,359.86659942626954,,0,0.0,-0.040603340073111505,-0.0,1.6990951097850455,1.0,425.2584991455078,359.86659942626954,406.86285400390625,401.2583333333333,739258,296.9190098095569
2025-01-08 00:00:00-05:00,392.95001220703125,402.5,387.3999938964844,394.94000244140625,73038800,0.0,0.0,362.38159942626953,,0,0.0,0.0014707807875757872,0.0,1.7015941062287814,1.0,425.51599884033203,362.38159942626953,401.6171395438058,402.67100016276044,739259,297.13960782348295
2025-01-10 00:00:00-05:00,391.3999938964844,399.2799987792969,377.2900085449219,394.739990234375,62287300,0.0,0.0,365.02619903564454,,0,0.0,-0.0005064369418008585,-0.0,1.7007323561134364,1.0,425.20349884033203,365.02619903564454,398.3785661969866,404.54266662597655,739261,297.5808038513351
2025-01-13 00:00:00-05:00,383.2099914550781,403.7900085449219,380.07000732421875,403.30999755859375,67580500,0.0,0.0,367.901999206543,,0,0.0,0.021710512074366584,0.0,1.737656126466103,1.0,424.1304992675781,367.901999206543,398.30285208565846,406.7119995117188,739264,298.24259789311327
2025-01-14 00:00:00-05:00,414.3399963378906,422.6400146484375,394.5400085449219,396.3599853515625,84565000,0.0,0.0,370.67819915771486,,0,0.0,-0.017232432245921525,-0.0,1.7077120850000655,1.0,423.04349822998046,370.67819915771486,400.7428501674107,408.8276652018229,739265,298.46319590703933
2025-01-15 00:00:00-05:00,409.8999938964844,429.79998779296875,405.6600036621094,428.2200012207031,81375500,0.0,0.0,374.24559906005857,,0,0.0,0.08038151439752794,0.0,1.8449805685473308,1.0,422.6429977416992,374.24559906005857,403.28284999302457,411.59633178710936,739266,298.6837939209654
2025-01-16 00:00:00-05:00,423.489990234375,424.0,409.1300048828125,413.82000732421875,68335200,0.0,0.0,377.5423992919922,,0,0.0,-0.03362756026209679,-0.0,1.782938373296108,1.0,420.18299865722656,377.5423992919922,403.6785670689174,413.4873321533203,739267,298.90439193489146
2025-01-17 00:00:00-05:00,421.5,439.739990234375,419.75,426.5,94991400,0.0,0.0,381.21559936523437,,0,0.0,0.030641323404759335,0.0,1.8375699646030295,1.0,417.51499938964844,381.21559936523437,408.2699977329799,415.98999837239586,739268,299.12498994881753
2025-01-21 00:00:00-05:00,432.6400146484375,433.20001220703125,406.30999755859375,424.07000732421875,87320900,0.0,0.0,384.66819946289064,,0,0.0,-0.00569752092797482,-0.0,1.8271003712730858,1.0,416.7119995117188,384.66819946289064,412.4314270019531,418.1946655273438,739272,300.0073820045218
2025-01-22 00:00:00-05:00,416.80999755859375,428.0,414.5899963378906,415.1099853515625,60963300,0.0,0.0,387.1997991943359,,0,0.0,-0.021128638710367298,-0.0,1.788496227640879,1.0,415.6589981079102,387.1997991943359,415.34142630440846,419.71533203125,739273,300.22798001841875
2025-01-23 00:00:00-05:00,416.05999755859375,420.7300109863281,408.95001220703125,412.3800048828125,50690600,0.0,0.0,389.50919921875,,0,0.0,-0.006576523247056931,-0.0,1.776734140622525,1.0,415.2249984741211,389.50919921875,416.6371416364397,420.4873321533203,739274,300.4485780323448
2025-01-24 00:00:00-05:00,414.45001220703125,418.8800048828125,405.7799987792969,406.5799865722656,56427100,0.0,0.0,391.2163989257813,,0,0.0,-0.014064741844588391,-0.0,1.7517448336082027,1.0,414.0239974975586,391.2163989257813,418.0971418108259,421.0469980875651,739275,300.6691760462709
2025-01-27 00:00:00-05:00,394.79998779296875,406.69000244140625,389.0,397.1499938964844,58125500,0.0,0.0,392.1593988037109,,0,0.0,-0.023193450212053546,-0.0,1.7111158270256888,1.0,410.76749725341796,392.1593988037109,413.6585693359375,420.9189982096354,739278,301.33097008804907
2025-01-28 00:00:00-05:00,396.9100036621094,400.5899963378906,386.5,398.0899963378906,48910700,0.0,0.0,393.55139892578126,,0,0.0,0.0023668700890153715,0.0,1.7151658158955168,1.0,407.9654968261719,393.55139892578126,411.4114249093192,420.0296651204427,739279,301.55156810197514
2025-01-29 00:00:00-05:00,395.2099914550781,398.5899963378906,384.4800109863281,389.1000061035156,68033600,0.0,0.0,394.72859924316407,,0,0.0,-0.02258280870425211,-0.0,1.676432554379076,1.0,405.8374969482422,394.72859924316407,406.06856863839283,419.06299845377606,739280,301.7721661159012
2025-01-30 00:00:00-05:00,410.7799987792969,412.5,384.4100036621094,400.2799987792969,98092900,0.0,0.0,396.5105993652344,,0,0.0,0.028732954254456988,0.0,1.7246014142747323,1.0,404.9809967041016,396.5105993652344,402.6699959891183,417.8646647135417,739281,301.99276412982726
2025-01-31 00:00:00-05:00,401.5299987792969,419.989990234375,401.3399963378906,404.6000061035156,83283600,0.0,0.0,398.1881994628906,,0,0.0,0.010792463618949588,0.0,1.7432141122954814,1.0,405.0189971923828,398.1881994628906,401.1685703822545,415.9173319498698,739282,302.21336214375333
2025-02-03 00:00:00-05:00,386.67999267578125,389.1700134277344,374.3599853515625,383.67999267578125,93732100,0.0,0.0,399.0869995117188,,0,0.0,-0.05170542044525339,-0.0,1.6530804936931445,1.0,405.238996887207,399.0869995117188,397.06856863839283,412.7113321940104,739285,302.8751561855315
2025-02-04 00:00:00-05:00,382.6300048828125,394.0,381.3999938964844,392.2099914550781,57072200,0.0,0.0,400.0111993408203,,0,0.0,0.022232065633156273,0.0,1.689831887725821,1.0,404.32749633789064,400.0111993408203,395.01571219308033,411.11399841308594,739286,303.0957541994576
2025-02-05 00:00:00-05:00,387.510009765625,388.3900146484375,375.5299987792969,378.1700134277344,57223300,0.0,0.0,400.73399963378904,,0,0.0,-0.035797094243459227,-0.0,1.6293408163852972,1.0,402.6834976196289,400.73399963378904,392.30428641183033,409.1806650797526,739287,303.31635221338365
2025-02-06 00:00:00-05:00,373.0299987792969,375.3999938964844,363.17999267578125,374.32000732421875,77918200,0.0,0.0,401.4275994873047,,0,0.0,-0.010180622383618276,-0.0,1.612753112799462,1.0,401.6814987182617,401.4275994873047,388.90857369559154,407.62266540527344,739288,303.5369502273097
2025-02-07 00:00:00-05:00,370.19000244140625,380.54998779296875,360.3399963378906,361.6199951171875,70298300,0.0,0.0,401.6087994384766,,0,0.0,-0.0339282217314959,-0.0,1.5580352675902418,1.0,400.01549835205077,401.6087994384766,384.9828578404018,405.3233317057292,739289,303.7575482412358
2025-02-10 00:00:00-05:00,356.2099914550781,362.70001220703125,350.510009765625,350.7300109863281,77514900,0.0,0.0,401.85159973144533,,0,0.0,-0.030114441341470455,-0.0,1.5111159059164532,1.0,397.81499938964845,401.85159973144533,377.904288155692,401.60499877929686,739292,304.419342283014
2025-02-11 00:00:00-05:00,345.79998779296875,349.3699951171875,325.1000061035156,328.5,118543400,0.0,0.0,401.65699951171877,,0,0.0,-0.06338211812502892,-0.0,1.4153381790670465,1.0,394.0744995117187,401.65699951171877,367.0328587123326,397.4173319498698,739293,304.63994029694004
2025-02-12 00:00:00-05:00,329.94000244140625,346.3999938964844,329.1199951171875,336.510009765625,105382700,0.0,0.0,401.7293994140625,,0,0.0,0.0243835913717656,0.0,1.4498492068782762,1.0,391.0820007324219,401.7293994140625,360.2942897251674,394.24566548665365,739294,304.8605383108661
2025-02-13 00:00:00-05:00,345.0,358.69000244140625,342.8500061035156,355.94000244140625,89441500,0.0,0.0,401.94499938964844,,0,0.0,0.05773971683431944,0.0,1.5335630895358905,1.0,387.468000793457,401.94499938964844,355.1128627232143,392.19666544596356,739295,305.08113632479217
2025-02-14 00:00:00-05:00,360.6199951171875,362.0,347.5,355.8399963378906,68277300,0.0,0.0,401.9199993896484,,0,0.0,-0.0002809633725618932,-0.0,1.533132214478218,1.0,384.5690002441406,401.9199993896484,351.922860281808,390.59666544596354,739296,305.30173433871823
2025-02-18 00:00:00-05:00,355.010009765625,359.1000061035156,350.0199890136719,354.1099853515625,51631700,0.0,0.0,401.973798828125,,0,0.0,-0.004861766535893763,-0.0,1.525678483582767,1.0,380.9494995117187,401.973798828125,349.0357142857143,389.7576649983724,739300,306.1841263943934
2025-02-19 00:00:00-05:00,354.0,367.3399963378906,353.6700134277344,360.55999755859375,67094400,0.0,0.0,402.0263989257812,,0,0.0,0.018214714280444966,0.0,1.5534682812450498,1.0,377.7739990234375,402.0263989257812,348.884286063058,388.0949981689453,739301,306.40472440831945
2025-02-20 00:00:00-05:00,361.510009765625,362.29998779296875,348.0,354.3999938964844,45965400,0.0,0.0,401.72459899902344,,0,0.0,-0.01708454543992588,-0.0,1.526927981804635,1.0,374.7384994506836,401.72459899902344,349.4085693359375,386.2066650390625,739302,306.6253224222455
2025-02-21 00:00:00-05:00,353.44000244140625,354.9800109863281,334.4200134277344,337.79998779296875,74058600,0.0,0.0,400.6961987304687,,0,0.0,-0.046839747148427646,-0.0,1.455407061223047,1.0,371.0094985961914,400.6961987304687,350.7371390206473,384.3213317871094,739303,306.8459204361716
2025-02-24 00:00:00-05:00,338.1400146484375,342.3999938964844,324.70001220703125,330.5299987792969,76052300,0.0,0.0,399.51099853515626,,0,0.0,-0.021521578674915554,-0.0,1.4240844036509075,1.0,367.20699920654295,399.51099853515626,349.88285173688615,382.17433166503906,739306,307.5077144779498
2025-02-25 00:00:00-05:00,327.0199890136719,328.8900146484375,297.25,302.79998779296875,134228800,0.0,0.0,397.5471984863281,,0,0.0,-0.0838955952220366,-0.0,1.3046099949601955,1.0,362.4894989013672,397.5471984863281,342.29142107282365,379.1096649169922,739307,307.72831249187584
2025-02-26 00:00:00-05:00,303.7099914550781,309.0,288.0400085449219,290.79998779296875,100118300,0.0,0.0,394.86779846191405,,0,0.0,-0.039630120487999076,-0.0,1.252908143670075,1.0,357.12499847412107,394.86779846191405,332.999991280692,375.359331258138,739308,307.9489105058019
2025-02-27 00:00:00-05:00,291.1600036621094,297.2300109863281,280.8800048828125,281.95001220703125,101748200,0.0,0.0,392.14479858398437,,0,0.0,-0.030433204805490277,-0.0,1.214778133531297,1.0,351.7674987792969,392.14479858398437,322.69142368861606,371.54566548665366,739309,308.16950851972797
2025-02-28 00:00:00-05:00,279.5,293.8800048828125,273.6000061035156,292.9800109863281,115697000,0.0,0.0,389.27979858398436,,0,0.0,0.03912040539724382,0.0,1.2623007465827485,1.0,346.4024993896484,389.27979858398436,313.0371398925781,367.03766581217445,739310,308.39010653365403
2025-03-03 00:00:00-05:00,300.3399963378906,303.94000244140625,277.29998779296875,284.6499938964844,115551400,0.0,0.0,385.71239868164065,,0,0.0,-0.02843203214376444,-0.0,1.22641097118081,1.0,340.4049987792969,385.71239868164065,303.0728541782924,362.73199869791665,739313,309.0519005754322
2025-03-04 00:00:00-05:00,270.92999267578125,284.3500061035156,261.8399963378906,272.0400085449219,126706600,0.0,0.0,381.5559991455078,,0,0.0,-0.04429996705409467,-0.0,1.1720810055627198,1.0,334.82299957275393,381.5559991455078,293.67857142857144,357.5833323160807,739314,309.2724985893583
2025-03-05 00:00:00-05:00,272.9200134277344,279.54998779296875,267.7099914550781,279.1000061035156,94042900,0.0,0.0,378.33539916992186,,0,0.0,0.025952056083059283,0.0,1.202498917552972,1.0,329.1675003051758,378.33539916992186,286.3314296177455,352.75099894205727,739315,309.49309660328436
2025-03-06 00:00:00-05:00,272.05999755859375,272.6499938964844,260.0199890136719,263.45001220703125,98451600,0.0,0.0,374.8809991455078,,0,0.0,-0.056073068986891905,-0.0,1.1350711127923612,1.0,323.43150024414064,374.8809991455078,280.7100045340402,347.69566650390624,739316,309.7136946172104
2025-03-07 00:00:00-05:00,259.32000732421875,266.25,250.72999572753906,262.6700134277344,102369600,0.0,0.0,371.7131994628906,,0,0.0,-0.0029607088371812473,-0.0,1.1317104977178876,1.0,317.84900054931643,371.7131994628906,276.6914367675781,342.70533345540366,739317,309.9342926311365
2025-03-10 00:00:00-04:00,252.5399932861328,253.3699951171875,220.0,222.14999389648438,189076900,0.0,0.0,367.54419921875,,0,0.0,-0.1542620682219512,-0.0,0.9571304957114324,1.0,310.87550048828126,367.54419921875,268.14857700892856,336.5576670328776,739320,310.5960866729147
2025-03-11 00:00:00-04:00,225.30999755859375,237.05999755859375,217.02000427246094,230.5800018310547,174896400,0.0,0.0,362.91019927978516,,0,0.0,0.037947369642955975,0.0,0.9934510804287398,1.0,304.8680000305176,362.91019927978516,259.23428998674666,331.00533396402994,739321,310.81668468684074
2025-03-12 00:00:00-04:00,247.22000122070312,251.83999633789062,241.10000610351562,248.08999633789062,142215700,0.0,0.0,358.7893991088867,,0,0.0,0.0759389121683911,0.0,1.068892674769011,1.0,300.8474998474121,358.7893991088867,254.01143319266183,326.00533396402994,739322,311.0372827007668
2025-03-13 00:00:00-04:00,248.1300048828125,248.2899932861328,232.60000610351562,240.67999267578125,114813500,0.0,0.0,354.96979888916013,,0,0.0,-0.02986820819658198,-0.0,1.0369667658192088,1.0,296.0559989929199,354.96979888916013,249.53143092564173,321.0580001831055,739323,311.2578807146929
2025-03-14 00:00:00-04:00,247.30999755859375,251.5800018310547,240.72999572753906,249.97999572753906,100242300,0.0,0.0,351.62119873046873,,0,0.0,0.038640532386444715,0.0,1.0770357137175128,1.0,290.75799865722655,351.62119873046873,245.37142944335938,316.0480000813802,739324,311.47847872861894
2025-03-17 00:00:00-04:00,245.05999755859375,245.39999389648438,232.8000030517578,238.00999450683594,111900600,0.0,0.0,348.30459869384765,,0,0.0,-0.04788383640805238,-0.0,1.0254631117962336,1.0,284.86649856567385,348.30459869384765,241.73714120047433,310.49499969482423,739327,312.14027277036803
2025-03-18 00:00:00-04:00,228.16000366210938,230.10000610351562,222.27999877929688,225.30999755859375,111477600,0.0,0.0,345.2251986694336,,0,0.0,-0.05335909096824687,-0.0,0.9707453323293169,1.0,278.4264991760254,345.2251986694336,236.3999960763114,305.2159998575846,739328,312.3608707842941
2025-03-19 00:00:00-04:00,231.61000061035156,241.41000366210938,229.1999969482422,235.86000061035156,111993800,0.0,0.0,341.7335986328125,,0,0.0,0.046824389357219776,0.0,1.0161998897370086,1.0,272.1914993286133,341.7335986328125,238.3585684640067,300.00433349609375,739329,312.58146879822016
2025-03-20 00:00:00-04:00,233.35000610351562,238.0,230.0500030517578,236.25999450683594,99028300,0.0,0.0,338.2377987670898,,0,0.0,0.0016958954271570903,0.0,1.017923258483091,1.0,266.28449935913085,338.2377987670898,239.1699959891183,295.2739995320638,739330,312.8020668121462
2025-03-21 00:00:00-04:00,234.99000549316406,249.52000427246094,234.5500030517578,248.7100067138672,132728700,0.0,0.0,335.3247991943359,,0,0.0,0.05269623506518384,0.0,1.0715639817904339,1.0,261.83000030517576,335.3247991943359,239.2585688999721,291.0869995117188,739331,313.0226648260723
2025-03-24 00:00:00-04:00,258.0799865722656,278.6400146484375,256.3299865722656,278.3900146484375,169079900,0.0,0.0,332.9937994384766,,0,0.0,0.11933580126800525,0.0,1.1994399281673296,1.0,259.22300109863284,332.9937994384766,244.64571489606584,288.3126668294271,739334,313.6844588678505
2025-03-25 00:00:00-04:00,283.6000061035156,288.20001220703125,271.2799987792969,288.1400146484375,150361500,0.0,0.0,330.86179992675784,,0,0.0,0.03502280788451673,0.0,1.2414476823405525,1.0,258.49000244140626,330.86179992675784,250.0971461704799,286.22633361816406,739335,313.90505688177655
2025-03-26 00:00:00-04:00,282.6600036621094,284.8999938964844,266.510009765625,272.05999755859375,153629800,0.0,0.0,328.23679992675784,,0,0.0,-0.05580626179068926,-0.0,1.1721671279804111,1.0,257.5530029296875,328.23679992675784,254.96143232073103,284.3450002034505,739336,314.1256548957026
2025-03-27 00:00:00-04:00,272.4800109863281,291.8500061035156,271.82000732421875,273.1300048828125,162572100,0.0,0.0,325.77220031738284,,0,0.0,0.0039329829222258805,0.0,1.1767772412767525,1.0,257.11200256347655,325.77220031738284,261.79286193847656,282.2323333740234,739337,314.3462529096287
2025-03-28 00:00:00-04:00,275.5799865722656,276.1000061035156,260.57000732421875,263.54998779296875,123809400,0.0,0.0,322.47880004882813,,0,0.0,-0.03507493471452938,-0.0,1.1355018563654264,1.0,255.6405014038086,322.47880004882813,265.74857439313615,279.1526662190755,739338,314.56685092355474
2025-03-31 00:00:00-04:00,249.30999755859375,260.55999755859375,243.36000061035156,259.1600036621094,134008900,0.0,0.0,319.38559997558593,,0,0.0,-0.016657121359109794,-0.0,1.116587664140453,1.0,254.36600189208986,319.38559997558593,269.02000427246094,275.92999979654945,739341,315.22864496533293
2025-04-01 00:00:00-04:00,263.79998779296875,277.45001220703125,259.25,268.4599914550781,146486900,0.0,0.0,316.2247998046875,,0,0.0,0.035885119854736525,0.0,1.1566565462964535,1.0,254.18700103759767,316.2247998046875,271.8414306640625,273.075,739342,315.449242979259
2025-04-02 00:00:00-04:00,254.60000610351562,284.989990234375,251.27000427246094,282.760009765625,212787800,0.0,0.0,313.39859985351563,,0,0.0,0.05326685079977622,0.0,1.2182679979746112,1.0,254.37000122070313,313.39859985351563,272.46571568080356,270.48166707356773,739343,315.66984099318506
2025-04-03 00:00:00-04:00,265.2900085449219,276.29998779296875,261.510009765625,267.2799987792969,136174300,0.0,0.0,310.44200012207034,,0,0.0,-0.05474611137253549,-0.0,1.1515725624758972,1.0,254.5615005493164,310.44200012207034,269.48571341378346,267.5776672363281,739344,315.8904390071111
2025-04-04 00:00:00-04:00,255.3800048828125,261.0,236.0,239.42999267578125,181229400,0.0,0.0,306.9829998779297,,0,0.0,-0.10419786826814681,-0.0,1.0315811563098214,1.0,253.39949951171874,306.9829998779297,264.8242841448103,264.2986673990885,739345,316.1110370210372
2025-04-07 00:00:00-04:00,223.77999877929688,252.0,214.25,233.2899932861328,183453800,0.0,0.0,303.517200012207,,0,0.0,-0.025644236634809525,-0.0,1.0051270450294019,1.0,253.95649948120118,303.517200012207,259.13285391671315,261.05733388264974,739348,316.7728310628154
2025-04-08 00:00:00-04:00,245.0,250.44000244140625,217.8000030517578,221.86000061035156,171603500,0.0,0.0,300.0114001464844,,0,0.0,-0.048994783337158565,-0.0,0.955881063231868,1.0,253.520499420166,300.0114001464844,253.17714146205358,258.3593343098958,739349,316.99342907674145
2025-04-09 00:00:00-04:00,224.69000244140625,274.69000244140625,223.8800048828125,272.20001220703125,219433400,0.0,0.0,297.4936004638672,,0,0.0,0.22689989839624536,0.0,1.1727703793580737,1.0,254.72600021362305,297.4936004638672,255.03999982561385,257.7393351236979,739350,317.2140270906675
2025-04-10 00:00:00-04:00,260.0,262.489990234375,239.3300018310547,252.39999389648438,181722600,0.0,0.0,294.75960021972656,,0,0.0,-0.07274069589492627,-0.0,1.0874622458386107,1.0,255.3120002746582,294.75960021972656,252.74571446010046,256.75433451334635,739351,317.4346251045936
2025-04-11 00:00:00-04:00,251.83999633789062,257.739990234375,241.36000061035156,252.30999755859375,128948100,0.0,0.0,291.8002001953125,,0,0.0,-0.00035656236159631316,-0.0,1.0870744977320876,1.0,255.42850036621093,291.8002001953125,248.39571271623885,255.39866739908854,739352,317.65522311851964
2025-04-14 00:00:00-04:00,258.3599853515625,261.79998779296875,245.92999267578125,252.35000610351562,100135200,0.0,0.0,288.7552001953125,,0,0.0,0.00015856900364230597,0.0,1.087246874052078,1.0,256.14550094604493,288.7552001953125,246.26285661969865,254.3220011393229,739355,318.31701716026873
2025-04-15 00:00:00-04:00,249.91000366210938,258.75,247.5399932861328,254.11000061035156,79594300,0.0,0.0,286.1638003540039,,0,0.0,0.0069744183248166,0.0,1.0948297885740663,1.0,257.5855010986328,286.1638003540039,248.36000061035156,253.72433420817057,739356,318.5376151741948
2025-04-16 00:00:00-04:00,247.61000061035156,251.97000122070312,233.88999938964844,241.5500030517578,112378700,0.0,0.0,283.1506005859375,,0,0.0,-0.049427403598542585,-0.0,1.0407151947425088,1.0,257.8700012207031,283.1506005859375,249.54000200544084,252.47266743977863,739357,318.75821318812086
2025-04-17 00:00:00-04:00,243.47000122070312,244.33999633789062,237.67999267578125,241.3699951171875,83404800,0.0,0.0,280.41460021972654,,0,0.0,-0.0007452201709629014,-0.0,1.039939632787159,1.0,258.1255012512207,280.41460021972654,252.327144077846,251.73666687011718,739358,318.9788112020469
2025-04-21 00:00:00-04:00,230.25999450683594,232.2100067138672,222.7899932861328,227.5,97768000,0.0,0.0,277.4782000732422,,0,0.0,-0.05746362595919796,-0.0,0.9801809307085321,1.0,257.0650009155273,277.4782000732422,245.9414280482701,250.5643330891927,739362,319.8612032577512
2025-04-22 00:00:00-04:00,230.9600067138672,242.7899932861328,229.85000610351562,237.97000122070312,120858500,0.0,0.0,275.0052001953125,,0,0.0,0.04602198338770602,0.0,1.0252908012185464,1.0,255.04400024414062,275.0052001953125,243.8800005231585,251.09166666666667,739363,320.08180127167725
2025-04-23 00:00:00-04:00,254.86000061035156,259.45001220703125,244.42999267578125,250.74000549316406,150381900,0.0,0.0,273.0054000854492,,0,0.0,0.0536622440095611,0.0,1.0803102063742944,1.0,253.17399978637695,273.0054000854492,243.6557159423828,251.76366678873697,739364,320.3023992856033
2025-04-24 00:00:00-04:00,250.5,259.5400085449219,249.1999969482422,259.510009765625,94464200,0.0,0.0,271.6256002807617,,0,0.0,0.0349764859229853,0.0,1.1180956611000024,1.0,252.5465003967285,271.6256002807617,244.67857360839844,252.1443339029948,739365,320.5229972995294
2025-04-25 00:00:00-04:00,261.69000244140625,286.8500061035156,259.6300048828125,284.95001220703125,167560700,0.0,0.0,270.59440032958986,,0,0.0,0.09803091011549903,0.0,1.227703596353826,1.0,253.13750076293945,270.59440032958986,249.08428955078125,253.62000122070313,739366,320.74359531345544
2025-04-28 00:00:00-04:00,288.9800109863281,294.8599853515625,272.4200134277344,285.8800048828125,151731800,0.0,0.0,269.19320037841794,,0,0.0,0.0032637046356942534,0.0,1.2317104582725045,1.0,254.25400161743164,269.19320037841794,255.41714695521765,254.81666819254556,739369,321.40538935523364
2025-04-29 00:00:00-04:00,285.5,293.32000732421875,279.4700012207031,292.0299987792969,108906600,0.0,0.0,267.9170004272461,,0,0.0,0.021512501019458785,0.0,1.2582076307617698,1.0,255.89750137329102,267.9170004272461,262.65429033551897,256.6173350016276,739370,321.6259873691597
2025-04-30 00:00:00-04:00,279.8999938964844,284.45001220703125,270.7799987792969,282.1600036621094,128961100,0.0,0.0,266.47800079345706,,0,0.0,-0.03379788089732105,-0.0,1.215682879113183,1.0,256.5825019836426,266.47800079345706,270.46286228724887,258.5123352050781,739371,321.84658538308577
2025-05-01 00:00:00-04:00,280.010009765625,290.8699951171875,279.80999755859375,280.5199890136719,99659000,0.0,0.0,264.8772006225586,,0,0.0,-0.005812356915055328,-0.0,1.2086168963242552,1.0,256.4705009460449,264.8772006225586,276.54143197195873,260.0010014851888,739372,322.06718339701183
2025-05-02 00:00:00-04:00,284.8999938964844,294.7799987792969,279.80999755859375,287.2099914550781,114454700,0.0,0.0,263.5334005737305,,0,0.0,0.023848576584252656,0.0,1.237440688937266,1.0,257.467000579834,263.5334005737305,281.75142996651783,261.6993347167969,739373,322.2877814109379
2025-05-05 00:00:00-04:00,284.57000732421875,284.8500061035156,274.3999938964844,280.260009765625,94618900,0.0,0.0,262.3826010131836,,0,0.0,-0.024198258752220814,-0.0,1.2074967789558357,1.0,259.50850143432615,262.3826010131836,284.71571568080356,262.7510014851888,739376,322.9495754527161
2025-05-06 00:00:00-04:00,273.1099853515625,277.7300109863281,271.3500061035156,275.3500061035156,76715800,0.0,0.0,261.279001159668,,0,0.0,-0.017519458684867262,-0.0,1.1863420890248086,1.0,261.6115020751953,261.279001159668,283.3442862374442,262.64966786702473,739377,323.17017346664215
2025-05-07 00:00:00-04:00,276.8800048828125,277.9200134277344,271.0,276.2200012207031,71592600,0.0,0.0,260.74740142822264,,0,0.0,0.003159597232260225,0.0,1.1900904522058053,1.0,264.3295021057129,260.74740142822264,281.9642857142857,262.25233408610023,739378,323.3907714805682
2025-05-08 00:00:00-04:00,279.6300048828125,289.79998779296875,279.4100036621094,284.82000732421875,97539400,0.0,0.0,260.6278018188477,,0,0.0,0.031134624811778533,0.0,1.2271434719273129,1.0,264.96050186157225,260.6278018188477,280.93428693498885,262.6776677449544,739379,323.6113694944943
2025-05-09 00:00:00-04:00,290.2099914550781,307.0400085449219,290.0,298.260009765625,132387800,0.0,0.0,260.95400177001954,,0,0.0,0.04718770485146129,0.0,1.2850495558910164,1.0,267.2535026550293,260.95400177001954,283.23428780691967,263.5153345743815,739380,323.83196750842035
2025-05-12 00:00:00-04:00,321.989990234375,322.2099914550781,311.5,318.3800048828125,112826700,0.0,0.0,261.4620016479492,,0,0.0,0.06745790403815088,0.0,1.371736305516581,1.0,270.55700302124023,261.4620016479492,288.64286150251115,265.3430018107096,739383,324.49376155016944
2025-05-13 00:00:00-04:00,320.0,337.5899963378906,316.79998779296875,334.07000732421875,136992600,0.0,0.0,262.4504019165039,,0,0.0,0.049280740626853614,0.0,1.439336486597182,1.0,274.6430030822754,262.4504019165039,295.337149483817,267.84000193277996,739384,324.7143595640955
2025-05-14 00:00:00-04:00,342.5,350.0,337.0,347.67999267578125,136997300,0.0,0.0,263.9632015991211,294.7922003173828,-1,0.0,0.04073991993646375,0.0,1.4979749398227822,1.0,279.3215026855469,263.9632015991211,304.9685756138393,270.48066864013674,739385,324.93495757802157
2025-05-15 00:00:00-04:00,340.3399963378906,346.1400146484375,334.7200012207031,342.82000732421875,97882600,0.0,0.0,265.23760162353517,295.34580032348634,-1,-1.0,-0.013978329078298546,0.013978329078298546,1.4770357531628948,1.0139783290782987,284.38500289916993,265.23760162353517,314.6071472167969,272.48266855875653,739386,325.15555559194763
2025-05-16 00:00:00-04:00,346.239990234375,351.6199951171875,342.3299865722656,349.9800109863281,95895700,0.0,0.0,266.9682015991211,295.982600402832,-1,-1.0,0.0208856061756566,-0.0208856061756566,1.5078845402108194,0.992800777026519,289.815503692627,266.9682015991211,325.14429146902904,275.23933563232424,739387,325.3761536058737
2025-05-19 00:00:00-04:00,336.29998779296875,343.0,333.3699951171875,342.0899963378906,88869900,0.0,0.0,268.55660125732425,296.5327003479004,-1,-1.0,-0.022544186527114873,0.022544186527114873,1.473890509874954,1.0151826629280696,295.5450035095215,268.55660125732425,333.32571847098217,278.66133575439454,739390,326.0379476476519
2025-05-20 00:00:00-04:00,347.8699951171875,354.989990234375,341.6300048828125,343.82000732421875,131715500,0.0,0.0,270.9900015258789,297.1675003814697,-1,-1.0,0.005057180873010214,-0.005057180873010214,1.481344240770405,1.010048700582498,300.83750381469724,270.9900015258789,339.83428955078125,282.3456695556641,739391,326.25854566157795
2025-05-21 00:00:00-04:00,344.42999267578125,347.3500061035156,332.20001220703125,334.6199951171875,102354800,0.0,0.0,273.07080139160155,297.80225036621096,-1,-1.0,-0.026758222357769146,0.026758222357769146,1.4417061021874698,1.0370758083048603,305.03150329589846,273.07080139160155,342.154288155692,286.10433603922525,739392,326.479143675504
2025-05-22 00:00:00-04:00,331.8999938964844,347.2699890136719,331.3900146484375,341.0400085449219,97113400,0.0,0.0,274.9298016357422,298.5130503845215,-1,-1.0,0.019185982671137136,-0.019185982671137136,1.4693666504809113,1.0171784898180678,309.1080032348633,274.9298016357422,343.1500026157924,288.39900258382164,739393,326.6997416894301
2025-05-23 00:00:00-04:00,337.9200134277344,343.17999267578125,333.2099914550781,339.3399963378906,84654800,0.0,0.0,276.9030017089844,299.2065503692627,-1,-1.0,-0.004984788190348977,0.004984788190348977,1.4620421689543015,1.0222489091415898,311.82750244140624,276.9030017089844,341.9585745675223,291.29700266520183,739394,326.92033970335615
2025-05-27 00:00:00-04:00,347.3500061035156,363.7900085449219,347.32000732421875,362.8900146484375,120146400,0.0,0.0,279.16120208740233,300.0622004699707,-1,-1.0,0.06939947711644767,-0.06939947711644767,1.563507131001927,0.9513053693643044,315.6780029296875,279.16120208740233,344.82571847098217,294.9830032348633,739398,327.8027317590604
2025-05-28 00:00:00-04:00,364.8399963378906,365.0,355.9100036621094,356.8999938964844,91404300,0.0,0.0,281.5390020751953,300.85250045776365,-1,-1.0,-0.016506435862546853,0.016506435862546853,1.5376992008234092,0.9670080304294127,318.9215026855469,281.5390020751953,345.8142874581473,298.46800282796227,739399,328.0233297729865
2025-05-29 00:00:00-04:00,365.2900085449219,367.7099914550781,356.0,358.42999267578125,88087800,0.0,0.0,284.20140197753904,301.64465042114256,-1,-1.0,0.004286911755287504,-0.004286911755287504,1.5442911816035152,0.9628625523363075,322.7350021362305,284.20140197753904,348.14857264927457,301.9453358968099,739400,328.24392778691254
2025-05-30 00:00:00-04:00,355.5199890136719,363.67999267578125,345.2900085449219,346.4599914550781,123474900,0.0,0.0,286.4134017944336,302.3895003509522,-1,-1.0,-0.03339564619395741,0.03339564619395741,1.4927185796822358,0.9950179694675417,326.0320022583008,286.4134017944336,348.5257132393973,305.4423355102539,739401,328.4645258008386
2025-06-02 00:00:00-04:00,343.5,348.0199890136719,333.3299865722656,342.69000244140625,81873800,0.0,0.0,288.542001953125,303.0638003540039,-1,-1.0,-0.01088145559849063,0.01088145559849063,1.4764756287363816,1.005845213322003,328.8060028076172,288.542001953125,349.67857142857144,308.81966908772785,739404,329.1263198426168
2025-06-03 00:00:00-04:00,346.6000061035156,355.3999938964844,343.0400085449219,344.2699890136719,99324500,0.0,0.0,290.4532015991211,303.7782502746582,-1,-1.0,0.004610541775392996,-0.004610541775392996,1.4832829813030204,1.0012077219464028,332.00650177001955,290.4532015991211,350.13999720982144,312.71200205485025,739405,329.34691785654286
2025-06-04 00:00:00-04:00,345.1000061035156,345.6000061035156,327.3299865722656,332.04998779296875,98912100,0.0,0.0,291.5264010620117,304.3678002166748,-1,-1.0,-0.03549540073392177,0.03549540073392177,1.4306332574798635,1.0367459912547872,334.8415008544922,291.5264010620117,349.0985674176897,315.8480016072591,739406,329.5675158704689
2025-06-05 00:00:00-04:00,322.489990234375,324.54998779296875,273.2099914550781,284.70001220703125,287499800,0.0,0.0,291.4576010131836,304.710700302124,-1,-1.0,-0.14259893789082123,0.14259893789082123,1.226626474451949,1.1845848684702864,335.26550140380857,291.4576010131836,337.9285670689174,316.98000183105466,739407,329.7881138843659
2025-06-06 00:00:00-04:00,298.8299865722656,305.5,291.1400146484375,295.1400146484375,164747700,0.0,0.0,291.9192013549805,305.0728003692627,-1,-1.0,0.036670186138995975,-0.036670186138995975,1.2716070955931225,1.141145920846043,335.78150177001953,291.9192013549805,329.105712890625,318.16766866048175,739408,330.00871189829195
2025-06-09 00:00:00-04:00,285.9599914550781,309.8299865722656,281.8500061035156,308.5799865722656,140908900,0.0,0.0,292.62820098876955,305.51020027160644,-1,-1.0,0.04553761352840424,-0.04553761352840424,1.3295130480722186,1.089180858923041,336.29750061035156,292.62820098876955,321.9842834472656,318.95533447265626,739411,330.67050594007014
2025-06-10 00:00:00-04:00,314.94000244140625,327.8299865722656,310.6700134277344,326.0899963378906,151256500,0.0,0.0,293.87900115966795,306.0243002319336,-1,-1.0,0.05674382827003055,-0.05674382827003055,1.4049547081547935,1.0273765673093076,336.6830001831055,293.87900115966795,319.0742841448103,320.29566752115886,739412,330.8911039539962
2025-06-11 00:00:00-04:00,334.3999938964844,335.5,322.5,326.42999267578125,122611400,0.0,0.0,295.2244009399414,306.60315017700196,-1,-1.0,0.0010426457165473302,-0.0010426457165473302,1.406419578163194,1.0263053775321214,336.3009994506836,295.2244009399414,316.75142560686385,321.442333984375,739413,331.1117019679223
2025-06-12 00:00:00-04:00,323.0799865722656,332.55999755859375,316.8599853515625,319.1099853515625,105127500,0.0,0.0,296.2374008178711,307.0971000671387,-1,-1.0,-0.022424432461661592,0.022424432461661592,1.3748814173199149,1.0493196931556306,334.8724990844727,296.2374008178711,313.15713936941967,322.6740000406901,739414,331.33229998184834
2025-06-13 00:00:00-04:00,313.9700012207031,332.989990234375,313.29998779296875,325.30999755859375,128964300,0.0,0.0,297.0884005737305,307.6576000213623,-1,-1.0,0.019429076154419578,-0.019429076154419578,1.40159409308032,1.0289323809269777,333.9969985961914,297.0884005737305,312.1942836216518,324.16700032552086,739415,331.5528979957744
2025-06-16 00:00:00-04:00,331.2900085449219,332.04998779296875,326.4100036621094,329.1300048828125,83925900,0.0,0.0,298.3254006958008,308.257200012207,-1,-1.0,0.011742668079331553,-0.011742668079331553,1.4180525472973138,1.016849969501676,332.9544982910156,298.3254006958008,318.5414254324777,325.5643341064453,739418,332.2146920375526
2025-06-17 00:00:00-04:00,326.0899963378906,327.260009765625,314.739990234375,316.3500061035156,88282700,0.0,0.0,299.86380096435545,308.8102000427246,-1,-1.0,-0.03882963749794621,0.03882963749794621,1.3629900809327198,1.0563338852072237,331.66749877929686,299.86380096435545,321.57142421177457,326.767333984375,739419,332.43529005147866
2025-06-18 00:00:00-04:00,317.30999755859375,329.32000732421875,315.45001220703125,322.04998779296875,95137700,0.0,0.0,301.63900085449217,309.389049987793,-1,-1.0,0.0180179597897272,-0.0180179597897272,1.3875483814047624,1.0373009037390337,330.57899780273436,301.63900085449217,323.49571010044644,328.3240000406901,739420,332.6558880654047
2025-06-20 00:00:00-04:00,327.95001220703125,332.3599853515625,317.7799987792969,322.1600036621094,108688000,0.0,0.0,303.64500091552736,309.92930000305176,-1,-1.0,0.0003416111576173275,-0.0003416111576173275,1.388022383413584,1.0369465501765098,329.9559982299805,303.64500091552736,322.9342825753348,329.85533345540364,739422,333.09708409325685
2025-06-23 00:00:00-04:00,327.5400085449219,357.5400085449219,327.4800109863281,348.67999267578125,190716800,0.0,0.0,305.17460052490236,310.6196999359131,-1,-1.0,0.0823193093872907,-0.0823193093872907,1.5022834274302916,0.951585826294446,330.33799743652344,305.17460052490236,326.11285400390625,331.98399963378904,739425,333.75887813503505
2025-06-24 00:00:00-04:00,356.1700134277344,356.260009765625,340.44000244140625,340.4700012207031,114736200,0.0,0.0,306.9360006713867,311.22499992370604,-1,-1.0,-0.023545920693855638,0.023545920693855638,1.4669107809883244,0.9739917906937722,330.3944976806641,306.9360006713867,329.1642848423549,333.39099934895836,739426,333.9794761489611
2025-06-25 00:00:00-04:00,342.70001220703125,343.0,320.3999938964844,327.54998779296875,119845100,0.0,0.0,308.44080047607423,311.7118998718262,-1,-1.0,-0.037947582404945,0.037947582404945,1.4112450632460678,1.010952424432864,328.62749633789065,308.44080047607423,329.4842834472656,333.69666544596356,739427,334.2000741628872
2025-06-26 00:00:00-04:00,324.6099853515625,331.04998779296875,323.6099853515625,325.7799987792969,80440900,0.0,0.0,309.90940032958986,312.287149887085,-1,-1.0,-0.0054037218123500486,0.0054037218123500486,1.4036190875152337,1.0164153301000203,327.0714965820313,309.90940032958986,329.0057111467634,333.4203318277995,739428,334.42067217681324
2025-06-27 00:00:00-04:00,324.510009765625,329.3399963378906,317.5,323.6300048828125,89067000,0.0,0.0,311.29980041503904,312.8239498901367,-1,-1.0,-0.006599526995335614,0.006599526995335614,1.3943558654560086,1.0231231905094884,325.3314971923828,311.29980041503904,330.0457109723772,332.61866556803386,739429,334.6412701907393
2025-06-30 00:00:00-04:00,319.8999938964844,325.5799865722656,316.6000061035156,317.6600036621094,76695100,0.0,0.0,312.8220004272461,313.2813999176025,-1,-1.0,-0.018446995428822777,0.018446995428822777,1.3686341891797895,1.0419967393279397,323.89149780273436,312.8220004272461,329.4185703822545,331.7799987792969,739432,335.3030642325175
2025-07-01 00:00:00-04:00,298.4599914550781,305.8900146484375,293.2099914550781,300.7099914550781,145085700,0.0,0.0,314.0088003540039,313.6442998504639,1,-1.0,-0.05335897504131726,0.05335897504131726,1.2956052716386517,1.0975966173348732,321.792497253418,314.0088003540039,326.35428292410717,330.1376647949219,739433,335.52366224644356
2025-07-02 00:00:00-04:00,312.6300048828125,316.8299865722656,303.82000732421875,315.6499938964844,119483700,0.0,0.0,315.7718002319336,314.07349983215335,1,1.0,0.04968242780731846,0.04968242780731846,1.3599740870136203,1.15212788203717,320.3614974975586,315.7718002319336,321.6357116699219,329.25633138020834,739434,335.7442602603405
2025-07-03 00:00:00-04:00,317.989990234375,318.45001220703125,312.760009765625,315.3500061035156,58042300,0.0,0.0,317.3194003295898,314.49879989624026,1,1.0,-0.0009503811144286889,-0.0009503811144286889,1.35868159332521,1.1510329214566752,319.52649841308596,317.3194003295898,318.0471409388951,328.3073313395182,739435,335.9648582742666
2025-07-07 00:00:00-04:00,291.3699951171875,296.1499938964844,288.7699890136719,293.94000244140625,131177900,0.0,0.0,318.1834002685547,314.8345999145508,1,1.0,-0.06789282780315342,-0.06789282780315342,1.2664368578702674,1.0728860415244565,319.9884979248047,318.1834002685547,313.24571446010043,326.9513315836588,739439,336.84725032997085
2025-07-08 00:00:00-04:00,297.0,304.04998779296875,294.3500061035156,297.80999755859375,103246700,0.0,0.0,318.94940002441405,315.18429992675783,1,1.0,0.013165935514200422,0.013165935514200422,1.283110683873794,1.0870115899612534,320.1219970703125,318.94940002441405,309.25,325.5103312174479,739440,337.0678483438969
2025-07-09 00:00:00-04:00,297.54998779296875,300.1499938964844,293.54998779296875,295.8800048828125,75586800,0.0,0.0,319.1679998779297,315.52769996643065,1,1.0,-0.0064806174796113725,-0.0064806174796113725,1.2747953343476055,1.0799670836508104,319.4869979858398,319.1679998779297,305.2857142857143,324.06166483561196,739441,337.288446357823
2025-07-10 00:00:00-04:00,300.04998779296875,310.4800109863281,300.0,309.8699951171875,104365300,0.0,0.0,319.6477996826172,315.8574499511719,1,1.0,0.0472826483827995,0.0472826483827995,1.3350710339015968,1.131030787532069,318.6759979248047,319.6477996826172,304.17285592215404,322.29433085123696,739442,337.50904437174904
2025-07-11 00:00:00-04:00,307.8900146484375,314.0899963378906,305.6499938964844,313.510009765625,79236400,0.0,0.0,320.07739990234376,316.23375,1,1.0,0.01174690904506881,0.01174690904506881,1.350753991905545,1.1443169033203808,318.0299987792969,320.07739990234376,306.00142996651783,320.847998046875,739443,337.7296423856751
2025-07-14 00:00:00-04:00,317.7300109863281,322.6000061035156,312.6700134277344,316.8999938964844,78043400,0.0,0.0,320.77219970703123,316.5682499694824,1,1.0,0.010813001260769006,0.010813001260769006,1.3653596965230084,1.1566904034387033,317.919499206543,320.77219970703123,306.1800013950893,319.4636647542318,739446,338.3914364274533
2025-07-15 00:00:00-04:00,319.67999267578125,321.20001220703125,310.5,310.7799987792969,77556300,0.0,0.0,321.37739990234377,316.8507999420166,1,1.0,-0.01931207079538977,-0.01931207079538977,1.3389917734025842,1.1343523164791471,317.1929992675781,321.37739990234377,305.5271432059152,318.2743316650391,739447,338.61203444137936
2025-07-16 00:00:00-04:00,312.79998779296875,323.5,312.6199951171875,321.6700134277344,97284800,0.0,0.0,322.06660034179686,317.17405006408694,1,1.0,0.03504091219258654,0.03504091219258654,1.3859112665609798,1.17410105639635,316.8199996948242,322.06660034179686,309.4885733468192,317.57366536458335,739448,338.83263245530543
2025-07-17 00:00:00-04:00,323.1499938964844,324.3399963378906,317.05999755859375,319.4100036621094,73922900,0.0,0.0,322.84960021972654,317.50000007629393,1,1.0,-0.007025863995037018,-0.007025863995037018,1.376174042492933,1.16585198205768,316.9729995727539,322.84960021972654,312.5742885044643,316.7449991861979,739449,339.0532304692315
2025-07-18 00:00:00-04:00,321.6600036621094,330.8999938964844,321.4200134277344,329.6499938964844,94255000,0.0,0.0,323.93559997558594,317.84595008850096,1,1.0,0.03205907804067243,0.03205907804067243,1.4202929135187616,1.20322812173434,317.3529998779297,323.93559997558594,317.39857264927457,316.6649993896484,739450,339.27382848315756
2025-07-21 00:00:00-04:00,334.3999938964844,338.0,326.8800048828125,328.489990234375,75768800,0.0,0.0,324.9809997558594,318.18025001525876,1,1.0,-0.0035188948387289143,-0.0035188948387289143,1.4152950521158971,1.1989940885069554,317.669499206543,324.9809997558594,320.0585719517299,318.1246653238932,739453,339.93562252493575
2025-07-22 00:00:00-04:00,329.739990234375,335.4100036621094,321.54998779296875,332.1099853515625,77370400,0.0,0.0,325.92679931640623,318.55069999694825,1,1.0,0.0110201078413521,0.0110201078413521,1.4308917562175463,1.2122071326634458,316.840998840332,325.92679931640623,322.71571132114957,319.35699768066405,739454,340.1562205388618
2025-07-23 00:00:00-04:00,330.8999938964844,336.20001220703125,328.6700134277344,332.55999755859375,92553800,0.0,0.0,326.6127990722656,318.9683999633789,1,1.0,0.0013550095657464123,0.0013550095657464123,1.4328306282347687,1.213849684923871,316.44549865722655,326.6127990722656,324.9528547014509,320.1563313802083,739455,340.3768185527879
2025-07-24 00:00:00-04:00,310.0,310.1499938964844,300.4100036621094,305.29998779296875,156966000,0.0,0.0,326.35119873046875,319.2915998840332,1,1.0,-0.08197020076301287,-0.08197020076301287,1.315381213978971,1.1143501825545412,315.33299865722654,326.35119873046875,324.1699959891183,319.4633310953776,739456,340.59741656671395
2025-07-25 00:00:00-04:00,308.739990234375,323.6300048828125,308.010009765625,316.05999755859375,148227000,0.0,0.0,325.9909985351562,319.6214998626709,1,1.0,0.03524405566934252,0.03524405566934252,1.361740582710853,1.1536244024236355,314.8469985961914,325.9909985351562,323.36856515066967,319.11766459147134,739457,340.81801458064
2025-07-28 00:00:00-04:00,318.45001220703125,330.489990234375,315.69000244140625,325.5899963378906,112432900,0.0,0.0,325.54919860839846,320.04529983520507,1,1.0,0.030152499060024596,0.030152499060024596,1.4028004643510394,1.1884090611333356,314.9449981689453,325.54919860839846,324.2514212472098,319.3336649576823,739460,341.4798086224182
